,ECG_Mean RR (ms),ECG_STD RR/SDNN (ms),ECG_Mean HR (beats/min),ECG_STD HR (beats/min),ECG_Min HR (beats/min),ECG_Max HR (beats/min),ECG_RMSSD (ms),ECG_NNxx,ECG_pNNxx (%),ECG_Power VLF (ms2),ECG_Power LF (ms2),ECG_Power HF (ms2),ECG_Power Total (ms2),ECG_LF/HF,ECG_Peak VLF (Hz),ECG_Peak LF (Hz),ECG_Peak HF (Hz),ECG_Fraction LF (nu),ECG_Fraction HF (nu),ECG_sd1,ECG_sd2
0,1481.301352954821,163.73019278019532,41.01717036857512,4.657753185954863,34.6756573312397,48.75,46.12749772820546,3.0,21.428571428571427,0.0,0.0,0.0,0.0,,0.0,,0.25,,,18.043146215111594,216.97302598959786
1,1565.5534176773572,148.76413357559193,38.70566490380116,4.032080781412179,34.09156860601155,48.75,35.26653037888265,3.0,9.67741935483871,0.0,0.0,2505.985728689459,2505.985728689459,0.0,0.0,0.09090909090909091,0.18181818181818182,0.0,100.0,23.96157497053061,203.08173759239995
2,1552.736028039309,124.97794097626779,38.90947112718694,3.357868607442989,34.09156860601155,48.75,34.48089000959105,6.0,13.043478260869565,0.0,2934.8709310831105,949.6703901304256,3884.5413212135363,3.0904100639381227,0.0,0.056338028169014086,0.16901408450704225,75.55257335160108,24.447426648398924,23.995367948640844,170.15498873534344
3,1544.0760944519386,109.59287645733113,39.06410137057128,2.9279527500400087,34.09156860601155,48.75,30.769221502094226,6.0,9.67741935483871,0.0,1502.9481968537011,766.3350705090138,2269.283267362715,1.9612154717849666,0.0,0.041666666666666664,0.29166666666666663,66.23008323682646,33.76991676317354,21.560974898817964,149.167034120878
4,1532.203968513904,103.20571574604476,39.341987523892406,2.737336475177754,34.09156860601155,48.75,28.852575665923837,6.0,8.0,337.9060870480083,363.09434027838785,575.9155161224105,1276.9159434488067,0.6304645909231109,0.03225806451612903,0.12903225806451613,0.29032258064516125,38.667787968714144,61.332212031285856,20.25281372764138,141.10193420953584
5,1518.1933649007228,100.48318422572933,39.694792857212704,2.6528433485710674,34.09156860601155,48.75,27.308353001507786,6.0,6.741573033707865,359.45797000639976,269.3697804280881,419.3074716609824,1048.1352220954702,0.642415884842325,0.026143790849673203,0.13071895424836602,0.18300653594771243,39.11408132197882,60.885918678021184,19.237850491658268,137.94975461562527
6,1517.6573896093646,76.74072436161279,39.62849921257643,1.860985318428559,34.09156860601155,42.1875,21.058778799506392,3.0,3.3333333333333335,434.0170537451312,177.94426919822592,237.05103693715927,849.0123598805164,0.7506580502552193,0.025157232704402517,0.050314465408805034,0.17610062893081763,42.8786221355898,57.1213778644102,14.741149438241406,105.12844544353146
7,1494.2320568110006,37.55230630402131,40.179674904974064,1.0061486439035827,37.5,42.1875,20.37702045668685,3.0,3.4482758620689653,513.8461774264971,205.19983512044058,169.49743362947297,888.5434461764106,1.210636826331036,0.02531645569620253,0.05063291139240506,0.20253164556962025,54.764166230792135,45.23583376920788,14.405782982082865,51.33152050045212
8,1489.3682873182595,33.40299587258285,40.3058523781607,0.9062325124867521,38.43749999999999,42.1875,17.03646322261392,1.0,1.1494252873563218,353.39739995911117,201.30950178756225,128.30203431598605,683.0089360626595,1.5690281363097585,0.025157232704402517,0.050314465408805034,0.20125786163522014,61.07477431382146,38.92522568617855,12.03847533500105,45.60413852040623
9,1491.439087991868,41.1976131624136,40.25975321730177,1.0923958906991744,37.432090712384245,42.1875,17.58764326773891,1.0,1.1764705882352942,180.40962236048662,159.8566508895336,94.96992734088151,435.2362005909017,1.683234423416479,0.025806451612903226,0.05161290322580645,0.2064516129032258,62.73154550817326,37.26845449182674,12.435160943505842,57.241145931960936
10,1501.6783063339662,44.45987044453273,39.99010009812937,1.1763360125868942,37.432090712384245,42.1875,17.312177881872103,1.0,1.1235955056179776,114.38697230665484,568.4206107372527,171.02810730633078,853.8356903502382,3.323550846055653,0.02531645569620253,0.10126582278481013,0.1518987341772152,76.87086296412373,23.129137035876276,12.238345736992025,61.9767169021792
11,1506.503497875507,38.542173721108064,39.853005348180005,1.0043440797011038,37.432090712384245,41.71875000000001,18.62701852819812,2.0,2.197802197802198,91.31706645623238,1344.266755922782,243.16441731793537,1678.74823969695,5.528221483841383,0.02564102564102564,0.10256410256410256,0.15384615384615385,84.6818922661372,15.318107733862803,13.165391692824187,52.67426868431688
12,1508.4640082798549,37.778774760038445,39.80018855090752,0.9838771636558865,37.432090712384245,41.71875000000001,20.458435313965662,4.0,4.395604395604396,104.10112385000056,1433.896077967979,199.31282886858935,1737.3100306865688,7.194198617859031,0.025806451612903226,0.1032258064516129,0.2064516129032258,87.79624406686303,12.203755933136982,14.465789063647309,51.72034141976433
13,1508.5029372859813,37.506201883578484,39.798805909499286,0.9767271276947416,37.432090712384245,41.71875000000001,20.417760967174893,4.0,4.3478260869565215,114.01042997624828,867.1792113115118,165.45114969142898,1146.640790979189,5.241300607030083,0.025806451612903226,0.07741935483870968,0.23225806451612904,83.97769851249244,16.02230148750757,14.437537236535368,51.33957638410703
14,1508.2802618207684,37.952712617308755,39.805332154439846,0.9911562213473507,37.432090712384245,41.75656078542225,20.705775934738792,4.0,4.301075268817204,120.63316007183703,339.84679458691096,156.444790755889,616.924745414637,2.17231134986908,0.025974025974025976,0.05194805194805195,0.28571428571428575,68.4772429401903,31.522757059809706,14.63210601365728,51.49714353305108
15,1504.835112566381,29.580692616360075,39.88691311397236,0.7855360347816099,38.22208916589875,41.75656078542225,19.88669266129868,4.0,4.301075268817204,47.616533167204,110.66281022009746,134.26698493736808,292.5463283246695,0.8241997112821046,0.025806451612903226,0.05161290322580645,0.25806451612903225,45.181440726291484,54.8185592737085,14.062015236177048,39.63953197207836
16,1498.6157371649222,23.08797228977377,40.04656049472588,0.6241042013349124,38.90624999999999,41.75656078542225,19.636215859311097,4.0,4.395604395604396,35.38998873772516,78.4847252383875,177.96162240003278,291.8363363761454,0.44102050869127746,0.025806451612903226,0.07741935483870968,0.25806451612903225,30.604735049316446,69.39526495068357,13.88490106839153,29.730688258752426
17,1504.181250269094,21.658747651504648,39.89716352682371,0.5803445000768638,38.4375,41.75656078542225,19.332968138204038,3.0,3.3333333333333335,1.167977986401423,116.17897302232262,193.43733150766812,310.7842825163922,0.6006026453984511,0.025806451612903226,0.07741935483870968,0.25806451612903225,37.52353197248016,62.476468027519836,13.670325879657145,27.248656121463164
18,1507.0872648293882,22.559572025638516,39.82090635934479,0.6021808216856145,38.4375,41.75656078542225,19.307949663488813,2.0,2.2988505747126435,4.137357013814218,98.33053333555034,133.5796238984798,236.0475142478444,0.7361192558101624,0.025806451612903226,0.07741935483870968,0.25806451612903225,42.40027022029955,57.59972977970045,13.649521821834364,28.79063752130708
19,1504.4551300118212,25.318073892333356,39.89300513224885,0.6810356153890068,38.4375,42.14552139116915,21.613378953752004,3.0,4.109589041095891,1.732285113515618,56.47169252706969,146.50673691531614,204.71071455590146,0.38545457851341997,0.0,0.08823529411764705,0.23529411764705882,27.82152403199022,72.17847596800978,15.261608136749654,31.223356307393605
20,1511.97300563779,26.292787582516283,39.695347470076406,0.69606621709891,38.43749999999999,42.14552139116915,25.90359958964845,3.0,4.411764705882353,140.55416557959202,644.1027109658376,318.82895239315127,1103.4858289385809,2.020213992898574,0.02564102564102564,0.05128205128205128,0.15384615384615385,66.88976336275182,33.110236637248185,18.31563373389989,32.636035602505316
21,1517.3552856085253,30.750640976619408,39.55879520337944,0.8051471256001577,37.96875,42.14552139116915,26.821289139267922,3.0,4.3478260869565215,416.1674684892696,2000.904593770608,168.36022740999445,2585.432289669872,11.88466316868272,0.026143790849673203,0.05228758169934641,0.23529411764705882,92.23883475331674,7.761165246683248,18.949744032983308,38.716098438565055
22,1546.8942868257843,54.00640678930209,38.83398759201663,1.3358263371788532,36.09375,42.14552139116915,27.646988804876784,3.0,4.225352112676056,1160.6079758987537,2166.9165479712283,69.65913993891765,3397.1836638088994,31.107426101891914,0.026490066225165563,0.052980132450331126,0.23841059602649006,96.88545572969153,3.114544270308468,19.496134530792354,73.30762401564928
23,1565.4264562010896,53.63548562889312,38.373449009558826,1.3215600109058772,36.09374999999999,42.14552139116915,27.674153712342484,3.0,4.166666666666667,1026.7549632478297,941.4153440534609,69.99707618844691,2038.1673834897374,13.449352391790937,0.02666666666666667,0.08,0.21333333333333335,93.07927460771094,6.920725392289046,19.54361485850624,72.79295762666116
24,1567.8441093616486,48.52707369307103,38.30569028521559,1.1829413644612135,36.09374999999999,42.14552139116915,24.281839038291782,1.0,1.3333333333333333,6827.286786403165,780.0610230666281,73.23361446532998,7680.581423935123,10.651679952734302,0.027586206896551724,0.05517241379310345,0.19310344827586207,91.41754661940118,8.58245338059882,17.143151932651566,64.56113945432462
25,1567.6987414677988,42.65159370225634,38.300561797752806,1.0260231603991303,36.09374999999999,40.31250000000001,20.117888248373465,1.0,1.1235955056179776,701.062041085114,692.8593756508333,45.1887980533541,1439.1102147893014,15.332547124461666,0.028169014084507043,0.056338028169014086,0.16901408450704225,93.87725630068886,6.122743699311144,14.225495203578033,58.841440112724875
26,1573.8564999174712,40.78145120351424,38.14833697097756,0.9815103561645095,36.09374999999999,40.31250000000001,19.38974167222161,1.0,1.075268817204301,329.02882001763004,532.6768624559212,70.26209587503494,931.9677783485861,7.581283419203958,0.02702702702702703,0.05405405405405406,0.1891891891891892,88.34673147186689,11.653268528133117,13.703754254754488,56.09497252061616
27,1579.8360676754012,36.25345891419147,37.998438821401756,0.8638232046205505,36.09374999999999,39.375,18.436947109506246,1.0,1.0638297872340425,307.2553977299507,222.23618413353645,106.6885366741877,636.1801185376748,2.083037138396748,0.026845637583892617,0.053691275167785234,0.18791946308724833,67.564451704269,32.435548295730996,13.036890325509583,49.86910055233051
28,1571.7635742713835,27.4132296077155,38.18527537153395,0.6650336537673764,36.09374999999999,39.375,17.01855611838949,1.0,1.0869565217391304,69.45330946210677,91.4051118693599,134.96897787121594,295.8273992026826,0.677230525940386,0.02702702702702703,0.05405405405405406,0.1891891891891892,40.377903661196356,59.622096338803644,12.017018659148038,35.820906840430624
29,1573.3764927580219,27.334066342371777,38.146075322078765,0.6637260408856402,36.5625,39.375,15.832504125673132,1.0,1.0869565217391304,11.607160948258194,70.87629063242827,125.56774049281947,208.05119207350594,0.564446651299593,0.02702702702702703,0.05405405405405406,0.16216216216216217,36.079635622646805,63.92036437735319,11.17016042798383,36.527284487704236
30,1589.6387519352024,27.955656381818038,37.75606375947577,0.6619702654485087,36.5625,39.375,16.538678267409843,1.0,1.075268817204301,65.7702100683163,50.754555932274876,87.48797642169762,204.0127424222888,0.5801317850539219,0.02702702702702703,0.05405405405405406,0.3783783783783784,36.71413932314038,63.28586067685962,11.669902726508244,37.283592411893146
31,1594.8717592563921,24.042776700367043,37.62908417025083,0.5642159967079351,36.5625,38.5369270591283,15.488380047636843,0.0,0.0,132.9474874282302,86.5992798254689,55.926301704313495,275.4730689580126,1.5484535395050028,0.027210884353741496,0.05442176870748299,0.38095238095238093,60.76051674090027,39.23948325909973,10.951261728458984,32.12965381602759
32,1591.3346811320826,28.351522883717777,37.71618283904253,0.6727765793783592,36.5625,39.375,17.45421756731099,0.0,0.0,283.1757422809271,160.06575124491602,45.12689935154128,488.3683928773844,3.547014165497924,0.026845637583892617,0.053691275167785234,0.37583892617449666,78.00754597186318,21.992454028136823,12.333812044739782,38.01935162465657
33,1585.8960354243932,35.09602293847999,37.85223704392422,0.8469698642745992,36.5625,40.31250000000001,18.634341861722156,0.0,0.0,352.15831707892465,167.89889016198333,116.8705034929651,636.927710733873,1.4366233150701695,0.02702702702702703,0.05405405405405406,0.21621621621621623,58.959598153102206,41.040401846897794,13.156235223894367,47.006668568198585
34,1575.5235166938987,43.95468226861538,38.112557233547385,1.0750205005694966,36.5625,40.78125000000001,19.33876633426011,0.0,0.0,250.33555647102833,74.85478922614664,262.8059637558439,587.9963094530189,0.28482911177650977,0.026845637583892617,0.053691275167785234,0.21476510067114093,22.168637771810896,77.8313622281891,13.656395752227459,59.966386992316934
35,1549.235036156023,62.666698400393805,38.79359958205268,1.6037507699867364,36.5625,42.65625000000001,18.85164277404988,0.0,0.0,173.6933152586479,65.1523055600297,295.8474890749384,534.693109893616,0.22022260781644348,0.02631578947368421,0.13157894736842105,0.21052631578947367,18.047740338996512,81.95225966100348,13.249616326255296,86.99586054825662
36,1516.994489820016,64.9470808860834,39.626184135758855,1.7367416776889566,37.03125,44.0212782156786,18.12793213718544,0.0,0.0,441.5909552126017,305.7032440074994,189.80513361496213,937.0993328350633,1.6106163104505258,0.027210884353741496,0.10884353741496598,0.19047619047619047,61.69486890904219,38.30513109095781,12.654382813587299,89.44905851006463
37,1503.6156841756926,61.83366505433391,39.97245433437722,1.6705091175213531,37.03125,44.0212782156786,19.261681002388304,0.0,0.0,524.0554365830232,434.0701497113963,117.86347226786854,1075.989058562288,3.6828216695065987,0.03305785123966942,0.09917355371900827,0.19834710743801653,78.64535379359504,21.354646206404954,13.401722963063403,84.56136361026341
38,1484.4987066520675,56.28228472613394,40.476305516480096,1.5471260749739981,37.96874999999999,44.0212782156786,21.180229303113695,1.0,1.8181818181818181,2020.8497972150035,793.3191984358959,119.4035391169196,2933.572534767819,6.644017457967306,0.02531645569620253,0.0759493670886076,0.22784810126582278,86.91787393868775,13.082126061312263,14.932667428978952,78.42242220450456
39,1475.056971938484,49.285455234620265,40.722067250764006,1.3677813811055017,38.4375,44.0212782156786,20.04830466407527,1.0,1.7857142857142858,5076.6305241254395,2229.3112956758478,57.45110055002853,7363.392920351316,38.803630815297595,0.025,0.05,0.225,97.4876663773706,2.5123336226294044,14.133503463348323,68.39254540711478
40,1453.0940381314608,40.96292794700254,41.32389074531734,1.1603211406369656,38.90625,44.0212782156786,22.079051357610005,2.0,3.8461538461538463,4925.958742166319,4405.5743104241565,16.178114793357256,9347.711167383834,272.31691496175364,0.024539877300613498,0.049079754601226995,0.17177914110429449,99.63412436433364,0.3658756356663597,15.586477113195905,55.937079355286556
41,1457.3434416546313,41.36316069342758,41.20405242360208,1.1722468086957485,38.90625,44.0212782156786,24.640224565602843,3.0,6.122448979591836,3481.7952058734186,4366.146380128587,59.587108952950395,7907.528694954955,73.27333809022467,0.02531645569620253,0.05063291139240506,0.1518987341772152,98.65362184370221,1.346378156297802,17.421606378843546,56.40602070462148
42,1458.516707205203,37.92449396745664,41.16540612503377,1.0666904178696344,38.90625,43.185066989489236,20.968877495379857,2.0,3.7735849056603774,94.51298703311191,220.34520343406066,152.29182918922396,467.1500196563965,1.4468616248628794,0.037383177570093455,0.07476635514018691,0.2616822429906542,59.13132194158959,40.8686780584104,14.820719214725607,51.82730905469416
43,1443.137437471322,47.25933791080247,41.62082655282689,1.3673649516910737,38.90625,44.744800089872214,22.8977349344192,3.0,4.545454545454546,20.838972178409268,260.26796748902905,189.85646978269145,470.9634094501298,1.3708669911903986,0.029197080291970802,0.058394160583941604,0.26277372262773724,57.82133693219518,42.17866306780483,16.168778871392213,64.8263595385163
44,1440.9007905858628,45.199815771129266,41.68165413241729,1.3091513308863698,38.90625,44.744800089872214,22.080468105734795,3.0,3.896103896103896,132.0318900585245,272.3794019920459,303.44153071662595,707.8528227671964,0.8976338912764452,0.025,0.05,0.275,47.30279615066587,52.69720384933413,15.610076377466461,62.15796215223122
45,1437.3122449340221,42.489561376388835,41.78123857602734,1.2407496113015464,39.375,44.744800089872214,23.732044347201644,4.0,5.405405405405405,378.90301559437466,330.7242189941129,415.5279322713801,1125.1551668598677,0.7959133269002909,0.024691358024691357,0.04938271604938271,0.2962962962962963,44.31802554046529,55.68197445953471,16.780232312517587,57.24610954711614
46,1441.2596008507758,42.79944863304337,41.66728856857755,1.2479982704337924,39.375,44.744800089872214,25.594890960896763,5.0,6.666666666666667,548.7137720516267,419.70688649961835,348.4058252949764,1316.8264838462214,1.2046494519552742,0.024691358024691357,0.04938271604938271,0.2962962962962963,54.64131501209349,45.3586849879065,18.092252900035724,58.038519075464585
47,1440.70278780394,44.22454690832991,41.68589957648209,1.2894968997505674,39.375,44.744800089872214,25.107828654348324,4.0,5.797101449275362,479.66054294849346,346.1943599866235,333.1643266936617,1159.0192296287787,1.0391099293921187,0.027586206896551724,0.05517241379310345,0.27586206896551724,50.95899511910517,49.04100488089483,17.742707722807214,60.03147247674477
48,1439.2936219876594,51.939892251077616,41.74247730240623,1.535357628881646,39.375,45.68431883175568,35.329037510504634,4.0,7.017543859649122,642.4753326601455,541.855459821923,242.99764315776093,1427.3284356398292,2.229879486815167,0.024539877300613498,0.0736196319018405,0.26993865030674846,69.03909250849316,30.960907491506855,24.977840277824548,67.3393739278881
49,1462.8045979869628,49.297429215961344,41.065261163260956,1.4312979491358158,38.48269475640173,45.68431883175568,37.60393892847957,5.0,9.090909090909092,328.1096637047712,1481.1048787879313,102.11756212875805,1911.3321046214605,14.503919285895552,0.025,0.07500000000000001,0.275,93.55001802086434,6.449981979135652,26.51894810052673,63.51369816346208
50,1475.6785075574855,44.60827367738675,40.69846110070317,1.2988422271917737,38.48269475640173,45.68431883175568,37.5623410830365,5.0,8.620689655172415,664.5742308568881,3801.3478346219363,47.553095934228324,4513.475161413053,79.93901889962453,0.024844720496894408,0.049689440993788817,0.24844720496894407,98.76450195023968,1.2354980497603227,26.55329323828659,57.589853935858315
51,1468.1590292413264,42.20318189308297,40.90284701837324,1.231590383394822,38.48269475640173,45.68431883175568,34.98895241917063,3.0,5.0,695.1168257219615,4407.994251187805,82.8851723997594,5185.996249309526,53.181939827884115,0.025157232704402517,0.050314465408805034,0.15094339622641512,98.15436655982302,1.845633440176982,24.74092552220901,54.86481443883067
52,1464.3749834033658,41.97310966500139,41.00810467046236,1.223097492872487,38.48269475640173,45.68431883175568,32.92979941830596,2.0,3.278688524590164,460.1019355258117,2151.4202013687463,108.69042925967598,2720.212566154234,19.794016971160502,0.025,0.05,0.375,95.19092438278321,4.809075617216785,23.284884471796975,55.106700355206335
53,1461.6618120433789,40.03154467328984,41.080999373395,1.1644649013928516,38.48269475640173,45.68431883175568,21.61617983382753,1.0,1.4492753623188406,105.74372400757429,39.841025034432,94.21489027612239,239.79963931812867,0.4228739737176048,0.029411764705882353,0.058823529411764705,0.2647058823529412,29.71970684183249,70.28029315816751,15.242971265555566,51.656925674990724
54,1459.9658146853483,32.65260194091373,41.11731949737991,0.9160155062263272,38.48269475640173,44.61002778491679,20.72269724530122,1.0,1.2345679012345678,64.40539209496691,31.379286204302637,128.16338007422956,223.94805837349912,0.24483816037099215,0.024844720496894408,0.049689440993788817,0.27329192546583847,19.668272404022737,80.33172759597727,14.637249677939302,41.94579275644153
55,1452.5667078442812,27.60485952314577,41.321351136113535,0.7983238849922021,39.84374999999999,44.895450611633876,22.297288876936303,1.0,1.2048192771084338,22.556820888432185,27.648144991298537,157.51335928583845,207.71832516556918,0.1755288892107598,0.025,0.125,0.275,14.931907741425936,85.06809225857405,15.70049313165007,33.12795161281619
56,1447.3534217131926,26.697385750660715,41.46934906099776,0.7798709696648305,39.77449983847052,44.895450611633876,23.09811556077084,2.0,2.5316455696202533,25.48455225145919,41.56735012856019,173.51275786275613,240.56466024277552,0.2395636530740802,0.02531645569620253,0.05063291139240506,0.27848101265822783,19.326450277883644,80.67354972211635,16.330083800293544,34.18469734883993
57,1448.4321750893894,29.154151095176534,41.44115169221923,0.847747964453715,39.77449983847052,44.895450611633876,23.489085286384384,3.0,3.7974683544303796,42.25223005218823,117.23883385665647,442.2057144140394,601.696778322884,0.2651228377091599,0.024390243902439025,0.14634146341463417,0.2682926829268293,20.956292132804673,79.04370786719534,16.59667338925046,37.53494051125978
58,1444.079972538139,34.98240626997235,41.57381843808939,1.0274381994191717,39.77449983847052,44.895450611633876,26.341640864483608,6.0,8.0,42.189585381861974,334.45026379212834,671.7472647589068,1048.3871139328971,0.49788109507548806,0.024844720496894408,0.14906832298136646,0.17391304347826086,33.239026563079534,66.76097343692047,18.62569820001846,46.17057979790929
59,1443.480986556501,34.49231981855159,41.59037376618237,1.0128981001708233,39.77449983847052,44.895450611633876,26.33329105810758,6.0,7.792207792207792,54.83479624742233,825.6665342217239,470.958847447323,1351.460177916469,1.7531606820786503,0.024539877300613498,0.12269938650306748,0.19631901840490798,63.67810979906211,36.321890200937894,18.618350015641123,45.35472876406294
60,1447.1985501383228,34.33405618519572,41.48336060107922,1.0101447803609318,39.77449983847052,44.895450611633876,26.039763016061606,6.0,8.0,55.27412483836738,854.3904377669855,320.2260161561956,1229.8905787615486,2.668085647826447,0.025157232704402517,0.12578616352201258,0.15094339622641512,72.73782304967285,27.262176950327152,18.41289300914783,45.257744633838165
61,1445.809301116238,31.748988066122333,41.51954855710209,0.924937641020174,39.77449983847052,44.29421831442515,21.292956080872862,5.0,6.756756756756757,33.90639729970411,569.3857733861295,206.630243657039,809.9224143428726,2.7555780959692684,0.024844720496894408,0.09937888198757763,0.24844720496894407,73.3729408776437,26.6270591223563,15.04343177925685,41.908110641835776
62,1440.1338590348953,28.492785922274308,41.679299253179686,0.8346591842638071,40.12273526368344,44.29421831442515,19.457926300249937,4.0,5.2631578947368425,32.035730966912794,156.13039374183342,97.82798328054577,285.994107989292,1.5959686431855717,0.024539877300613498,0.049079754601226995,0.24539877300613497,61.47873347295607,38.52126652704392,13.75796880694364,38.12070880800917
63,1443.0140719461272,29.820492136627813,41.597589939146836,0.8692680034934676,39.84375,44.29421831442515,19.953371709669828,4.0,5.2631578947368425,39.89395935852683,115.34961122047744,52.85669515317088,208.10026573217513,2.1823084263253945,0.024539877300613498,0.049079754601226995,0.26993865030674846,68.57627024057193,31.423729759428074,14.084395620710248,39.291458706297256
64,1447.177471218269,23.989704964665346,41.47134505161225,0.6836052835096433,39.84375,42.7139152308047,16.152941753642352,1.0,1.2658227848101267,95.02649841886145,249.21683295597512,48.06642658099986,392.3097579558364,5.184842117106493,0.024539877300613498,0.049079754601226995,0.26993865030674846,83.83143852234925,16.16856147765076,11.421810468103624,32.1285297268457
65,1447.1813150692462,25.18273378567916,41.47238390005291,0.7172621163613817,39.84375,42.7139152308047,16.05974357440046,1.0,1.492537313432836,100.89865888935812,358.2533663479843,91.65818418841275,550.8102094257551,3.908580226851952,0.025477707006369428,0.050955414012738856,0.15286624203821658,79.62751032305454,20.37248967694546,11.353777929990525,33.905118779845154
66,1445.9103825115662,26.985285214398484,41.51068221635734,0.7682057079951942,39.84375,42.7139152308047,16.78457236747223,1.0,1.8181818181818181,150.84333730562744,272.27907025298964,127.23499340537563,550.3574009639926,2.1399700111234177,0.030534351145038167,0.061068702290076333,0.15267175572519084,68.15256207997284,31.84743792002715,11.838234642577845,36.0826400022008
67,1451.7118626202544,25.975146640364382,41.34369839882097,0.7368901724636855,39.84375,42.7139152308047,16.438692450595873,1.0,2.0833333333333335,76.30438816077847,240.71083878394728,57.03204698726927,374.04727393199505,4.220624219181172,0.025157232704402517,0.07547169811320756,0.17610062893081763,80.84520245058273,19.154797549417278,11.61326328949119,35.08541958242736
68,1458.2765252429472,21.263611181861148,41.15316137572745,0.596818096383769,39.84375,42.1875,18.792680603920076,1.0,2.0833333333333335,137.20375857201478,557.4305035126872,9.641434768163002,704.2756968528649,57.81613597110872,0.024844720496894408,0.07453416149068323,0.19875776397515527,98.29978630270575,1.7002136972942485,13.28605107722856,27.25867461026653
69,1446.0603806483646,16.049880048122205,41.497121741240555,0.45758462116643905,40.31249999999999,42.1875,16.366297637387845,0.0,0.0,157.17753761049264,696.9421504354791,48.30476003431981,902.4244480802915,14.428022206099607,0.025157232704402517,0.050314465408805034,0.15094339622641512,93.51828778412933,6.481712215870684,11.55287041300986,19.22918812763355
70,1450.2849064279244,18.051851080192083,41.37753731941602,0.5107098824779777,39.84374999999999,42.1875,19.5275426540594,2.0,4.081632653061225,112.49020871819518,289.5191901005654,106.01130347246091,508.0207022912215,2.7310218874516083,0.026143790849673203,0.05228758169934641,0.23529411764705882,73.19769140558358,26.80230859441642,13.805958733487063,21.707629075639783
71,1451.3593105838436,18.58028262107318,41.347267560092554,0.5243976416479048,39.84374999999999,42.18750000000001,18.512609666093716,2.0,3.278688524590164,34.66735140073232,54.35604211776909,124.38066861990707,213.4040621384085,0.43701358676463514,0.03418803418803419,0.06837606837606838,0.27350427350427353,30.41123555056634,69.58876444943365,13.090391832354495,22.907129045734006
72,1451.5904339735303,18.009841106485485,41.34028253690428,0.5086175350001784,39.84374999999999,42.18750000000001,17.650353651848373,2.0,2.7027027027027026,24.346195899189087,102.57198408617595,155.5023163817641,282.42049636712915,0.6596170814224903,0.027972027972027972,0.055944055944055944,0.27972027972027974,39.745136923820986,60.25486307617903,12.476502159083083,22.2240194450034
73,1454.8647823215101,20.922235105521686,41.2493910632093,0.5873316364623288,39.84374999999999,42.18750000000001,16.988335863454303,2.0,2.5,4.142435405110116,120.73247260994887,158.23830267549124,283.1132106905502,0.7629788146650067,0.025,0.05,0.25,43.27782094250432,56.72217905749567,12.009082973458323,26.994146542475207
74,1455.184383952557,21.137971572017673,41.240498733875796,0.592852495438248,39.84374999999999,42.18750000000001,16.26449995295177,2.0,2.7027027027027026,2.462953958853346,111.657993377497,157.95106851854104,272.0720158548914,0.706915087215064,0.0,0.05,0.2,41.414777601411856,58.58522239858814,11.499930591010703,27.768865360428215
75,1462.2592605161017,20.860765583372597,41.04069411945059,0.5817862971496487,39.84374999999999,42.18750000000001,16.637166735657406,2.0,2.7777777777777777,3.7330415939097747,186.11208607782984,189.63015622701542,379.47528389875504,0.9814477284669115,0.0,0.07547169811320756,0.20125786163522014,49.5318505942258,50.468149405774206,11.744927601457407,26.63103612254556
76,1465.8682741503058,25.849189030656582,40.943974886159815,0.7147964239975688,39.20906596820676,42.18750000000001,18.793241303883924,2.0,2.816901408450704,6.41135243191672,224.64869096326868,177.50978531301095,408.5698287081964,1.2655566596913832,0.025,0.07500000000000001,0.225,55.860737548880316,44.13926245111968,13.284630899910571,34.16808555076064
77,1474.2394686249752,28.724532037219255,40.71427773064643,0.7867983141963228,38.77180190071252,41.92833028903731,24.46985335091367,4.0,5.633802816901408,42.11779686418613,130.95882140960597,370.7441350349413,543.8207533087334,0.3532323482265298,0.02531645569620253,0.05063291139240506,0.22784810126582278,26.10286021387652,73.89713978612349,17.289564777971847,36.635367836979
78,1470.2805290186768,32.399385119755216,40.8283178821497,0.8979297455988143,38.77180190071252,43.005659949340505,25.739211128609504,5.0,6.8493150684931505,68.5098690062338,156.72329567214115,783.3043596879983,1008.5375243663732,0.20007969282153154,0.024691358024691357,0.14814814814814814,0.24691358024691357,16.672200522876956,83.32779947712304,18.197474116573193,42.224958511513194
79,1462.2026065596224,34.22133700025865,41.05625161250661,0.9517492565666518,38.77180190071252,43.005659949340505,25.081459975455,5.0,6.578947368421052,151.0240821737278,146.23546031814615,823.5576044654418,1120.8171469573158,0.1775655516083362,0.025157232704402517,0.050314465408805034,0.25157232704402516,15.079037541970772,84.92096245802924,17.735270430703213,45.20314214322684
80,1461.9000551664783,33.573425183192285,41.06391431056285,0.9337812966526614,38.77180190071252,43.005659949340505,25.300172302703835,5.0,6.25,151.80093021572188,207.3453448430334,398.4351443817566,757.5814194405118,0.520399236279136,0.025,0.05,0.325,34.227801741909964,65.77219825809001,17.887050941031113,44.20246975161437
81,1452.6512883634748,35.26095595910005,41.32767160463664,0.9843241470208949,38.77180190071252,43.005659949340505,24.583348791009985,5.0,6.024096385542169,90.58321914275423,192.52550899224838,114.50242049602377,397.61114863102637,1.681409948874697,0.024691358024691357,0.04938271604938271,0.24691358024691357,62.70618745113299,37.293812548867,17.35364036794495,46.121124384502636
82,1449.2374402075477,33.73075826073747,41.423111617279154,0.9468200718197175,38.77180190071252,43.005659949340505,20.253931462528136,2.0,2.4691358024691357,44.75202779944921,71.89971710461434,87.3377650592134,203.98950996327693,0.8232374283434852,0.0,0.12903225806451613,0.23225806451612904,45.15250814543903,54.84749185456097,14.318347796739419,44.8193254400034
83,1440.1138774050826,24.955930027748025,41.675722154195704,0.712894730801067,39.70600448155949,43.005659949340505,16.408693220960895,1.0,1.2987012987012987,13.60499409886216,246.64573373720793,91.10703286716782,351.3577607032379,2.707208499444959,0.024390243902439025,0.12195121951219512,0.17073170731707318,73.02552580601497,26.974474193985024,11.602698246951181,33.57478639223523
84,1441.2606786463425,25.311315751258636,41.642893770490225,0.7218273874090831,39.70600448155949,43.125,16.73026186080559,1.0,1.3333333333333333,36.12602352088092,516.075195901101,117.93438254000408,670.135601961986,4.375951989455196,0.024691358024691357,0.04938271604938271,0.1728395061728395,81.39864340378269,18.601356596217315,11.814637202380098,33.503093342755214
85,1438.7231881144937,27.325912309138733,41.71851335550494,0.7831086069369626,39.70600448155949,43.125,16.199418368411656,1.0,1.3513513513513513,86.3424263302464,399.16915273999996,166.44094196169766,651.952521031944,2.398262999688256,0.024691358024691357,0.14814814814814814,0.1728395061728395,70.57320165944378,29.42679834055623,11.45362461015444,37.13762266546136
86,1437.4885263892384,26.95610926116399,41.75393216793125,0.7718094717280256,39.70600448155949,43.125,16.822379156138066,2.0,2.6315789473684212,75.9626015389272,204.21490537700907,155.9255710420004,436.1030779579367,1.3096947730401538,0.024691358024691357,0.07407407407407407,0.19753086419753085,56.704235915824405,43.295764084175595,11.886623962372685,36.25632767723504
87,1444.3737961221223,27.52434071291546,41.55548119126745,0.7867496336434733,39.70600448155949,43.125,18.916575364974836,3.0,4.054054054054054,150.09627281860648,222.0681399393653,87.24677935982224,459.41119211779403,2.5452875346093204,0.024691358024691357,0.04938271604938271,0.24691358024691357,71.79354311214712,28.206456887852877,13.367408705533684,36.527063325428244
88,1444.4426759595049,23.95924034829794,41.54992623405347,0.6883011988346001,39.84375,43.125,19.530082603866653,3.0,3.896103896103896,97.15299142552564,119.00991545489973,98.48961712960259,314.65252401002795,1.208349863907933,0.024691358024691357,0.04938271604938271,0.24691358024691357,54.71732009753277,45.28267990246722,13.795489968038368,30.365107456950724
89,1455.2607236421215,43.92009032410886,41.26551268685306,1.186978101805038,37.47805424515753,43.125,22.79598240895254,5.0,6.756756756756757,66.95542689859539,33.56230894623401,148.80692603639608,249.3246618812255,0.22554265342478175,0.02702702702702703,0.05405405405405406,0.2702702702702703,18.40349275437312,81.59650724562688,16.118416360410713,60.38994980844641
90,1458.0206671609133,46.72854476503061,41.19197440700207,1.2584245836885288,37.47805424515753,43.125,23.876743284601194,5.0,8.19672131147541,11.533393980631793,31.15373020758328,176.62585101490748,219.31297520312256,0.1763826191272186,0.03305785123966942,0.06611570247933884,0.2644628099173554,14.993643756661443,85.00635624333856,16.874358089020138,63.8206779430553
91,1466.3822472353272,43.65078234020777,40.95139515964602,1.155215042489319,37.47805424515753,42.1875,24.727759022230288,5.0,9.090909090909092,796.709020221576,3530.8771331965236,727.2731240006239,5054.859277418724,4.85495340976397,0.026143790849673203,0.05228758169934641,0.18300653594771243,82.92044479239821,17.079555207601775,17.48391394731444,59.362483077113865
92,1473.8841664635863,46.52544222759483,40.74736270906027,1.2233611268607447,37.47805424515753,41.840710608852284,25.209177806487983,4.0,9.523809523809524,1476.9869913554114,4073.4704325153484,747.1362787133767,6297.593702584137,5.452111681057922,0.031746031746031744,0.06349206349206349,0.15873015873015872,84.5011982211065,15.49880177889349,17.81403806339873,63.918830205420264
93,1475.7251920741214,56.81217429827301,40.71611941567328,1.5114834302515845,37.47805424515753,43.125,28.047662887851512,3.0,10.0,342.8343332816772,2269.8185526976895,26.605646167839282,2639.258532147206,85.31341574561831,0.024844720496894408,0.049689440993788817,0.17391304347826086,98.8414315534132,1.1585684465867807,19.7996989633474,77.33924798717803
94,1448.3453336207215,70.22294403424809,41.519631692587055,1.9208983252829133,37.47805424515753,43.59375,21.46111610961669,1.0,3.225806451612903,165.7847282990559,464.63718368393785,0.9246190702100332,631.3465310532038,502.5174135532296,0.023952095808383235,0.04790419161676647,0.16766467065868265,99.80139713680542,0.1986028631945784,14.831780220792831,97.05815780384033
95,1413.2732836454145,30.174847722252313,42.47398201277146,0.906285522678264,41.24999999999999,44.0625,18.092111673914488,0.0,0.0,85.54051034019166,44.377683204415504,57.11858715334783,187.036780697955,0.7769394415389429,0.03007518796992481,0.06015037593984962,0.2706766917293233,43.723462003075575,56.27653799692443,12.76300606902031,40.8212589586096
96,1408.5985592448892,29.47716353716699,42.61417620531339,0.8912890480938643,41.24999999999999,44.53124999999999,17.181097599709496,0.0,0.0,35.47208352183271,235.623899058896,96.80681113548249,367.90279371621125,2.433959927975905,0.024844720496894408,0.049689440993788817,0.27329192546583847,70.879101067745,29.120898932255006,12.086782905208333,39.36631837997593
97,1404.108957267532,32.37149922396427,42.75450833329331,0.9884988376883377,40.78125,45.0,17.985814347397213,0.0,0.0,78.26849790905462,375.0568269356275,64.01931938988923,517.3446442345713,5.8584944437079,0.035398230088495575,0.10619469026548672,0.21238938053097345,85.41954056815753,14.580459431842467,12.693670525095133,43.853493651347016
98,1411.2379393877325,33.5736635897084,42.540090046264055,1.018707210189855,40.78125,45.0,18.158867987487852,0.0,0.0,145.4553457990497,622.5488596675481,106.34895863289704,874.3531640994948,5.853831270849645,0.028368794326241134,0.11347517730496454,0.2836879432624113,85.40962039358706,14.590379606412945,12.831761018935863,45.88485103305228
99,1414.8894592595768,33.68506103908216,42.43037917269214,1.0185136618121962,40.78125,45.0,17.76964862534508,0.0,0.0,176.55530656042765,739.7345703975731,160.34891647281492,1076.6387934308157,4.613280754678411,0.024242424242424242,0.048484848484848485,0.2909090909090909,82.18510629160058,17.814893708399424,12.56503904228372,46.0988160706182
100,1403.3809768949966,47.21520422172396,42.803544084960976,1.4768387859269452,40.78125,46.84770649223933,18.14051039651191,0.0,0.0,419.06429164680844,490.2161316236768,206.8264053291341,1116.1068285996193,2.3701815580248047,0.024096385542168676,0.04819277108433735,0.28915662650602414,70.32800806772914,29.67199193227085,12.775645742504693,65.05011981459566
101,1397.281130556421,47.42365014230386,42.99088322393264,1.4844848127968044,40.78125,46.84770649223933,17.226807151441797,0.0,0.0,747.6379998670559,457.5544000262387,173.3170142409078,1378.5094141342024,2.639985474191504,0.023952095808383235,0.04790419161676647,0.28742514970059885,72.527362894982,27.472637105017984,12.174919991239953,66.26491752154723
102,1396.3570284555656,49.222756959013026,43.02315145111663,1.5384947212831015,40.78125,46.84770649223933,17.95148451033749,0.0,0.0,747.795116551095,903.7783469463543,109.69969590226174,1761.273159399711,8.238658635403935,0.023952095808383235,0.04790419161676647,0.2155688622754491,89.17591785275138,10.824082147248618,12.660733932057868,68.36153932257719
103,1401.8574019135417,49.24882536280668,42.85434440571861,1.5377158459399507,40.78124999999999,46.84770649223933,16.617620968933803,0.0,0.0,976.0844719133627,988.6662461068722,79.30177373934482,2044.0524917595797,12.467139125494173,0.024390243902439025,0.04878048780487805,0.36585365853658536,92.57451793820907,7.425482061790947,11.74964379681398,68.92111644024762
104,1395.912843094493,47.370133174453905,43.03291583429003,1.482954904187338,40.78124999999999,46.84770649223933,15.913660776200846,0.0,0.0,507.1408172655026,717.8265404362708,96.86900834889745,1321.836366050671,7.410280673575626,0.023668639053254437,0.09467455621301775,0.16568047337278105,88.10979040043321,11.890209599566797,11.21555104691315,65.92031981555837
105,1380.5643259890635,48.5307301128515,43.51434815355199,1.5331125194740358,40.78124999999999,46.84770649223933,15.835744055200623,0.0,0.0,841.0993295140488,530.4906247172912,135.03573367590823,1506.6256879072482,3.9285203277414875,0.023809523809523808,0.047619047619047616,0.23809523809523808,79.7099345543685,20.2900654456315,11.197562006566919,68.07597813440594
106,1390.419948784312,41.690130390433104,43.19139849558282,1.3003368535896376,40.78124999999999,46.05044377051344,15.771883245592713,0.0,0.0,539.6255949291098,640.8338512248185,109.02601366678175,1289.4854598207098,5.877806861612046,0.023952095808383235,0.04790419161676647,0.2155688622754491,85.46048151509716,14.539518484902848,11.126033021952066,57.810256135377884
107,1395.4188159702817,40.859863282874,43.03513310771825,1.2741946563870326,40.78124999999999,46.05044377051344,17.161811886679075,0.0,0.0,490.0347959042278,843.6550189268632,57.46986083203096,1391.159675663122,14.679955836201541,0.024242424242424242,0.048484848484848485,0.21818181818181817,93.62243101673016,6.37756898326985,12.134576700344518,56.6921969289055
108,1393.9693900552647,39.230164872032766,43.07697126335809,1.2237472240371912,40.78124999999999,46.05044377051344,17.721116499387993,0.0,0.0,300.0626130932204,534.228385972511,78.2360799256324,912.5270789913639,6.828414543268576,0.023952095808383235,0.04790419161676647,0.2634730538922156,87.22602138053777,12.773978619462234,12.53072164691406,53.946518238136065
109,1396.7834409893496,44.914610875830455,42.999798158527575,1.3688867705555767,39.17122280299719,46.05044377051344,18.19290069314702,0.0,0.0,67.93948573552188,284.76846071785684,137.0234984896681,489.7314449430468,2.0782454386050366,0.023668639053254437,0.047337278106508875,0.2603550295857988,67.51396144508969,32.4860385549103,12.839620012153881,60.62516759984117
110,1411.847385483353,56.76031922386277,42.56560935666254,1.6956778201672438,39.17122280299719,46.05044377051344,19.00251788111871,1.0,1.1764705882352942,152.29425122067988,303.7988794409808,230.5666754805263,686.659806142187,1.3176183366821355,0.023952095808383235,0.04790419161676647,0.2634730538922156,56.85225715673343,43.14774284326658,13.373277068536197,78.71801866979133
111,1431.587243555511,48.25597035617956,41.95894686578598,1.4077197402667185,39.17122280299719,44.53125000000001,19.085472201619602,1.0,1.1627906976744187,609.2720691202854,560.116850020817,245.30013207073586,1414.6890512118382,2.283394001024423,0.024242424242424242,0.048484848484848485,0.26666666666666666,69.54370996328802,30.45629003671197,13.472345930216225,66.89917770244347
112,1436.750677968225,44.51346321951481,41.80088000532087,1.2912260760761551,39.17122280299719,44.53125000000001,17.973270953076373,1.0,1.1627906976744187,729.2221231945476,671.6201201136363,139.99530367044682,1540.8375469786308,4.797447503629481,0.024691358024691357,0.04938271604938271,0.2716049382716049,82.75102966652217,17.248970333477825,12.709021771023506,61.63465950603809
113,1440.9416181979345,42.646547974764204,41.676013568478105,1.2366034846240044,39.17122280299719,44.53125000000001,17.479715448686868,1.0,1.1494252873563218,506.9599758024294,354.4007081821034,78.0337255506976,939.3944095352305,4.541635115855816,0.024390243902439025,0.04878048780487805,0.34146341463414637,81.95478447978677,18.04521552021323,12.349556410877748,58.975136138168224
114,1450.981048993561,34.62544351206826,41.3746987786274,0.9795185571582581,39.17122280299719,43.125,15.950917480981879,1.0,1.2820512820512822,219.25795899671178,244.17838233461782,89.07523973064849,552.5115810619781,2.741259895263603,0.02531645569620253,0.05063291139240506,0.25316455696202533,73.27103628202921,26.72896371797078,11.27804722958323,47.84098852313171
115,1449.828304862566,33.131424359574275,41.40571924747335,0.9415354105250826,39.375,43.125,15.953882770337035,1.0,1.5625,204.3248650252878,257.764323798649,118.87633290895545,580.9655217328923,2.1683401354251446,0.029850746268656716,0.05970149253731343,0.26865671641791045,68.4377321481674,31.56226785183261,11.230695686550884,44.8194859226179
116,1435.2384851657512,30.6263366460057,41.82438636039125,0.9138486130950317,40.3125,45.27096730421637,19.40143416728199,2.0,3.225806451612903,4.41180546441994,177.5785628585289,142.37253112429633,324.3628994472451,1.2472810692920564,0.024539877300613498,0.049079754601226995,0.26993865030674846,55.50178330318858,44.49821669681142,13.641182810570385,39.55698230392725
117,1414.0221278295999,38.243863460281055,42.463925481053415,1.1755363072558254,40.3125,45.46875,19.97512539767578,2.0,3.278688524590164,89.38212654132852,489.5010918598842,106.02453245370835,684.9077508549211,4.616866309442171,0.024096385542168676,0.0963855421686747,0.26506024096385544,82.19647851829835,17.803521481701654,14.052124722803374,51.364696499744966
118,1403.4999537038514,56.26266070288336,42.8212531707368,1.7723095666180255,40.3125,47.34375,23.218607690138125,2.0,3.278688524590164,171.80037284596173,890.8473794249608,281.87849440052355,1344.526246671446,3.1603949826663547,0.023809523809523808,0.09523809523809523,0.26190476190476186,75.9638206428393,24.036179357160705,16.401109538465086,78.2356852542823
119,1403.0762067186608,56.45412687227997,42.83479141381262,1.7813116105797673,40.3125,47.34375,23.49852730615079,2.0,3.389830508474576,518.2235099921323,1264.1136436789166,430.0968265095887,2212.4339801806373,2.9391373424856786,0.024242424242424242,0.048484848484848485,0.19393939393939394,74.61373105186074,25.386268948139264,16.615935586345856,78.69658785250506
120,1399.2830001120371,55.10999274322128,42.947521815821,1.7387162096039948,40.3125,47.34375,26.04618899630029,3.0,4.545454545454546,4965.091281770614,2669.428260709564,432.5042036846522,8067.02374616483,6.172028475024717,0.0,0.048484848484848485,0.19393939393939394,86.05694325556127,13.94305674443873,18.390706570767183,75.87193391677475
121,1395.6548131205839,52.83935679724974,43.053460967909935,1.662556676154426,40.3125,47.34375,27.30891512561614,4.0,5.128205128205129,406.862617307409,1820.3350974953105,311.4958594331619,2538.6935742358814,5.8438500621094205,0.023809523809523808,0.047619047619047616,0.16666666666666666,85.38834149017316,14.61165850982683,19.276771529289995,71.96553946663109
122,1387.7017597356764,49.162284572724964,43.291997000099286,1.5551100229876123,40.336071287830364,47.34375,25.06879356742948,2.0,2.6315789473684212,486.48335889263313,469.18140820379585,549.8933843049758,1505.5581514014048,0.8532225002066648,0.024096385542168676,0.04819277108433735,0.24096385542168675,46.03993854550743,53.96006145449257,17.72575277079514,67.69188551714971
123,1398.5719098887723,49.73636762016909,42.95672362676728,1.5710293137320885,40.336071287830364,47.34375,25.39559254216628,2.0,2.6666666666666665,240.97888528732992,140.422701155226,803.545691524748,1184.947277967304,0.17475384739948072,0.023952095808383235,0.04790419161676647,0.2155688622754491,14.875784215248865,85.12421578475113,17.944314960815248,67.86828489058566
124,1398.1964926906662,39.131500053715776,42.946524699435145,1.218857375755533,41.24999999999999,45.71977070244644,23.911776533995447,2.0,2.7027027027027026,217.07555214297855,318.8826622257097,453.53785423243914,989.4960686011274,0.7031004341751849,0.023952095808383235,0.04790419161676647,0.19161676646706588,41.28355674547743,58.716443254522574,16.878926983599133,52.20899568888839
125,1383.549223631348,40.3530927151533,43.40376328989603,1.2702670788967847,41.25,45.71977070244644,23.21493995402925,2.0,2.6666666666666665,262.5855299057743,538.7111163107196,95.46114194028786,896.7577881567818,5.643250283426215,0.023529411764705882,0.047058823529411764,0.18823529411764706,84.94712742503725,15.052872574962752,16.414762129558454,54.804678340729474
126,1380.8485473833723,38.4116860880835,43.48508455312656,1.2061892341695377,41.25,45.468750000000014,21.696830389253414,2.0,2.6315789473684212,343.6197702158728,758.5955404357071,50.73172301324892,1152.9470336648287,14.953080545630097,0.023255813953488372,0.046511627906976744,0.16279069767441862,93.73161818408845,6.26838181591155,15.31805540694955,51.923299490641064
127,1389.111640919645,43.37366621613526,43.23514759703971,1.348112828406991,40.78125,45.468750000000014,21.178097337466905,2.0,2.5974025974025974,396.3522068817156,820.0320508482803,79.57518474360023,1295.959442473596,10.305122802925451,0.023952095808383235,0.04790419161676647,0.16766467065868265,91.15445256604177,8.845547433958238,14.94044129183665,59.066512610299604
128,1394.2776909412858,48.59945050238116,43.08573755090703,1.512726831937517,40.78125,46.42091191807612,21.584795206456015,2.0,2.5,425.4326870575654,635.1015330771288,177.77600736373296,1238.3102274984271,3.5724817004000964,0.023668639053254437,0.07100591715976332,0.3313609467455621,78.13003822601414,21.869961773985864,15.218539916457207,66.40230777261823
129,1383.43743513153,49.43713821383974,43.42552880494306,1.5484036306310018,40.78125,46.623465915319784,21.159469487981536,2.0,2.4390243902439024,398.9809399325936,961.1807963862095,193.53690477014837,1553.6986410889515,4.966395414495977,0.023529411764705882,0.07058823529411765,0.16470588235294117,83.23946150852832,16.760538491471685,14.960843056758483,68.26843572668685
130,1396.11546247951,52.3493687237221,43.03740944292966,1.6283953086568725,40.3125,46.623465915319784,21.539264377855186,2.0,2.4096385542168677,142.17114586413012,1947.8488882091824,146.07670214404644,2236.096736217359,13.334425405417532,0.023952095808383235,0.04790419161676647,0.16766467065868265,93.02378733910002,6.9762126608999715,15.196175350946952,72.26806360782363
131,1395.6118860932158,53.814622001842444,43.05657690471521,1.6785312195026179,40.3125,46.623465915319784,22.16281858748279,2.0,2.4390243902439024,73.0210414827136,2398.7073082015804,136.64640304862317,2608.374752732917,17.554119645198735,0.023952095808383235,0.04790419161676647,0.16766467065868265,94.61036136921338,5.389638630786618,15.663306058518016,74.62899701219479
132,1398.4959939695989,53.164507226366005,42.96631499866659,1.6604811862459385,40.3125,46.623465915319784,22.46934431581511,2.0,2.4390243902439024,55.86582422432494,1851.9572835973643,148.2944724793522,2056.1175803010415,12.488377028720485,0.024242424242424242,0.048484848484848485,0.1696969696969697,92.58620960942355,7.4137903905764455,15.879811405090164,73.73642686709994
133,1396.8412549661393,49.84935176612919,43.009898387079005,1.5658199257302623,40.3125,46.623465915319784,21.95960083467821,2.0,2.4390243902439024,121.74711755806186,1436.4528636245202,235.43880598423613,1793.6387871668182,6.101172904014381,0.024242424242424242,0.048484848484848485,0.26666666666666666,85.91781930229178,14.08218069770823,15.521879536917032,68.65179056396062
134,1384.744178189553,51.269510996727426,43.38960366990115,1.6299576707157053,40.3125,47.084577531291814,22.573817625072724,2.0,2.4390243902439024,56.66702543435903,966.0202728761296,303.5630323451499,1326.2503306556387,3.182272444089202,0.023809523809523808,0.047619047619047616,0.23809523809523808,76.08955386411284,23.91044613588716,15.956953106348902,70.10516367221369
135,1389.899414228765,50.49992802557834,43.22674236699823,1.6016818794073258,40.3125,47.084577531291814,22.69857501721831,2.0,2.5316455696202533,85.25327146495265,561.2462938519575,218.63886728078933,865.1384325976994,2.567001470654213,0.024691358024691357,0.04938271604938271,0.24691358024691357,71.96524845232001,28.034751547679992,16.0496313354278,69.52033915333894
136,1402.3531246599928,66.44636846706386,42.88053919012873,2.0150181889750645,38.4375,47.084577531291814,21.989596730079356,2.0,2.4691358024691357,348.1938394539861,1189.5219742128227,214.05121974267507,1751.767033409484,5.557183816297915,0.023952095808383235,0.04790419161676647,0.16766467065868265,84.7495505995349,15.250449400465099,15.530570976202036,92.17620717166405
137,1417.884935341923,62.13258928407889,42.39829046808665,1.8688623555092958,38.4375,47.084577531291814,21.28731959117395,2.0,2.4390243902439024,1190.730241599129,1552.273262883303,255.02969117686803,2998.0331956593,6.086637425313633,0.024096385542168676,0.04819277108433735,0.16867469879518074,85.88893518909298,14.11106481090703,15.051841470151361,86.94413061654636
138,1409.6290575501637,68.06156987930305,42.6637319012574,2.060795266920785,38.4375,47.084577531291814,18.672397177536464,1.0,1.2195121951219512,1585.6612859402353,1382.223384401418,195.93746354999854,3163.8221338916514,7.054410929682713,0.024096385542168676,0.04819277108433735,0.1927710843373494,87.58444275155213,12.415557248447875,13.187198654929732,95.68073249637158
139,1394.162671498406,75.72537139922798,43.161509455593915,2.302771769427761,38.4375,47.084577531291814,20.126647119431627,2.0,2.4691358024691357,2596.999221722662,1407.6890378345458,175.86671918652087,4180.5549787437285,8.004294640542978,0.023391812865497075,0.04678362573099415,0.1871345029239766,88.89418838542474,11.105811614575263,14.209985157784137,106.5518786881231
140,1409.1898005086077,71.3573061583871,42.68661934142234,2.1542222674744713,38.4375,46.40624999999999,18.205116796388438,2.0,2.4390243902439024,1578.0205010725062,958.8968755205199,270.9964113918504,2807.9137879848768,3.5384117103085613,0.024691358024691357,0.04938271604938271,0.1728395061728395,77.9658597802267,22.0341402197733,12.81893589753094,100.09534649935037
141,1414.680775833034,69.00535165977598,42.51386214121056,2.0826425379071494,38.4375,46.40624999999999,18.526251798260624,2.0,2.3529411764705883,2008.1604983222262,772.0520065809776,288.4097845387296,3068.6222894419334,2.6769272332967655,0.024691358024691357,0.04938271604938271,0.1728395061728395,72.80337802324712,27.196621976752887,13.094088313164983,97.22216295446059
142,1386.2287729246268,57.86112946834942,43.3581161760382,1.8032754466811636,39.84375,46.40624999999999,18.79346472678795,2.0,2.4096385542168677,686.1917239794974,1166.9168200811198,131.3101591537251,1984.4187032143423,8.886721542352314,0.023809523809523808,0.047619047619047616,0.19047619047619047,89.88542363900669,10.114576360993304,13.191528464249428,79.82427239536662
143,1371.382166007295,52.11450965584882,43.813687833542375,1.6378946931908716,40.78125,46.40624999999999,19.65749351477926,2.0,2.4390243902439024,1119.6427427141023,1036.2732557618613,128.6155572346247,2284.5315557105882,8.057137705911096,0.023391812865497075,0.04678362573099415,0.1871345029239766,88.95898425672213,11.041015743277868,13.892924790361675,72.68965549352586
144,1390.64483149508,58.208704069986005,43.221136139199956,1.8091479035226716,40.31249999999999,46.40624999999999,16.765528608544184,0.0,0.0,512.6071651164801,633.3876523632546,240.6972323687431,1386.6920498484776,2.6314704416414645,0.023952095808383235,0.04790419161676647,0.19161676646706588,72.46294535312288,27.53705464687712,11.73750791757293,80.54503013753941
145,1409.7404379144912,51.48387454192776,42.618902184621135,1.5857017777372664,40.31249999999999,45.97677891458304,16.802591796105347,0.0,0.0,1164.0652471931828,763.1270188935249,226.4767940742844,2153.669060160992,3.3695594377021214,0.024390243902439025,0.04878048780487805,0.1951219512195122,77.11439758956837,22.88560241043164,11.864505934258709,71.93594790607885
146,1415.476494398113,58.59037860099545,42.46170616600214,1.7696057749296679,38.397488245264505,45.97677891458304,18.988530335403283,1.0,1.2820512820512822,1071.5940120069965,716.0233225720282,163.35843764051396,1950.9757722195388,4.383142572333526,0.026143790849673203,0.05228758169934641,0.26143790849673204,81.42349033927755,18.576509660722444,13.418508414159824,81.12776448823524
147,1414.3543588393982,62.994687574799435,42.50672508877861,1.9004168079986112,38.397488245264505,45.97677891458304,22.366903067224673,3.0,4.477611940298507,673.8931145828291,558.2229422807827,138.26627746990886,1370.3823343335207,4.037303618029854,0.027586206896551724,0.05517241379310345,0.30344827586206896,80.14810946831291,19.851890531687093,15.780141008161387,87.9247476007355
148,1432.8420522303388,54.72071209653995,41.93671917210617,1.623031607147897,38.397488245264505,45.46875,23.593046110788347,3.0,5.357142857142857,463.3648782148539,963.3837829872684,485.7655372010911,1912.5141984032134,1.9832279344849015,0.027586206896551724,0.08275862068965517,0.16551724137931034,66.47926266577198,33.52073733422802,16.628233387842116,75.08168108511073
149,1457.088897480154,34.11536274499439,41.19994484903436,0.9378768208453544,38.397488245264505,42.27700901039299,23.992549872172788,3.0,6.976744186046512,186.27275707778097,1139.4575210227974,726.8520661875156,2052.5823442880937,1.5676608405331776,0.03418803418803419,0.13675213675213677,0.17094017094017094,61.05404638284124,38.94595361715876,16.963161361974905,45.354819655814076
150,1457.8896683740033,38.546070057362954,41.18320978364789,1.0530249744424982,38.397488245264505,42.18750000000001,28.019030898640832,3.0,10.714285714285714,0.0,1629.7121285896676,916.7026612901747,2546.4147898798424,1.7777979680957812,0.0,0.13333333333333333,0.17777777777777778,64.0002616646194,35.99973833538059,19.79351706942791,51.65382119399658
151,1475.0589653805994,45.64840130313365,40.71463385301006,1.2377255480055709,38.397488245264505,42.18750000000001,36.972981052680396,3.0,21.428571428571427,0.0,336.14164369696863,839.4593545468728,1175.6009982438413,0.40042634807305555,0.0,0.06451612903225806,0.1935483870967742,28.59317440178344,71.40682559821657,26.12939259642221,58.835282156180384
152,1451.3049189507694,20.806054141986277,41.350499547465354,0.5855833005522907,40.3125,41.83898064207173,29.00590064412313,1.0,16.666666666666668,0.0,0.0,19.544222429555766,19.544222429555766,0.0,0.0,0.12903225806451613,0.25806451612903225,0.0,100.0,20.510269039882715,23.148714736174107
153,1433.05325697412,6.454202567889074,41.86949932119803,0.18939179278645454,41.71875,42.1875,9.467768440238602,0.0,0.0,0.0,0.0,82.00299134493821,82.00299134493821,0.0,0.0,0.07692307692307693,0.15384615384615385,0.0,99.99999999999999,6.08455781554227,4.633091904532288
154,1396.5329812854507,15.35550485564329,42.96875,0.47392971525322347,42.1875,44.06250000000001,13.981995497328054,0.0,0.0,0.0,0.0,25.497716548974775,25.497716548974775,0.0,0.0,,0.3076923076923077,0.0,100.0,9.402367941440218,16.53818615946863
155,1376.3745676880646,27.660178668697608,43.61049107142857,0.8812548340347239,42.1875,45.46875000000001,16.179647675596385,0.0,0.0,0.0,86.96998056668996,134.80587786343054,221.77585843012048,0.6451497660569201,0.0,0.07272727272727272,0.21818181818181817,39.215260480704394,60.78473951929562,11.271534994574505,36.698030587613154
156,1365.7531251497599,28.533237677961814,43.950892857142854,0.9138164951097645,42.1875,45.46875000000001,16.74510237462425,0.0,0.0,0.0,191.67518960200428,137.1050421669931,328.7802317689974,1.3980170719654867,0.0,0.046511627906976744,0.23255813953488372,58.29887903256793,41.701120967432054,11.814108931421844,38.02576053560227
157,1375.210511241298,31.338592009228506,43.65234375,0.9946154997419902,41.71875,45.46875000000001,17.302178217407192,0.0,0.0,372.44181906989354,71.64634158196677,90.45267148252925,534.5408321343896,0.7920865178183831,0.03508771929824561,0.07017543859649122,0.21052631578947367,44.19912263960551,55.80087736039448,12.228028584412106,42.481688040513
158,1368.9930197377917,32.20099825240214,43.851993482411764,1.0273575503154897,41.71875,45.46875000000001,16.499351868070775,0.0,0.0,152.94628431557337,209.49573020854766,93.32648525515508,455.7684997792761,2.244761812638559,0.027777777777777776,0.05555555555555555,0.2222222222222222,69.18109686495524,30.81890313504476,11.649817800959214,43.880686621804344
159,1366.2777542880517,30.594082940120806,43.936814637639166,0.9773320683920466,41.71875,45.46875000000001,17.197657659267797,0.0,0.0,63.515920065148734,523.1210163137117,104.94543980713662,691.5823761859971,4.984695068933694,0.023255813953488372,0.046511627906976744,0.23255813953488372,83.29071091372793,16.70928908627206,12.135797379129043,41.172179374824616
160,1359.735464604238,28.670854377056834,44.145591911747864,0.9185797425429275,41.71875,46.01605265341714,19.08808546743515,0.0,0.0,106.26526160360805,695.5059356441046,123.69003423177907,925.4612314794917,5.622974720346643,0.023255813953488372,0.046511627906976744,0.23255813953488372,84.90104458759491,15.098955412405083,13.487392796430846,37.98570657108364
161,1362.0615552071763,31.198911417745347,44.07380489764058,1.0015016943706816,41.71875,46.01605265341714,18.51161238227376,0.0,0.0,44.762443596061246,420.3134704155088,182.6028833581767,647.6787973697467,2.301789887901503,0.023255813953488372,0.06976744186046512,0.23255813953488372,69.71339685592278,30.28660314407721,13.079653917871738,42.17502680866584
162,1377.0848332806158,38.927928942945925,43.60505489764058,1.229933302992417,41.25,46.01605265341714,18.18938861113143,0.0,0.0,253.4052274859826,282.80599590740667,196.4965892058542,732.7078125992434,1.4392412461222561,0.023668639053254437,0.07100591715976332,0.23668639053254437,59.0036450232328,40.99635497676721,12.850711342340944,53.61651475671584
163,1379.7248042808214,41.320294411127456,43.52589446140127,1.3014309385141236,41.25,46.01605265341714,17.41716487455302,0.0,0.0,324.4959196809328,511.62021963362696,115.30950415057725,951.425643465137,4.436930185438368,0.023668639053254437,0.047337278106508875,0.2603550295857988,81.60726796385427,18.392732036145727,12.315580882199772,57.47951888901556
164,1379.0871164184439,42.84106609452992,43.54924348621956,1.3592513608389052,41.25,46.875,18.803748014429765,0.0,0.0,612.942360821495,451.8187991022316,62.62705182189442,1127.388211745621,7.214435071718891,0.023391812865497075,0.04678362573099415,0.2807017543859649,87.82630830642444,12.173691693575556,13.295643335968633,59.459110121652394
165,1377.6979769958755,45.31034939187956,43.598404719179484,1.4449003381947192,41.25,46.875,18.712309923673267,0.0,0.0,827.8118227764667,356.5810363821371,111.71599341600869,1296.1088525746122,3.1918530684706754,0.023668639053254437,0.047337278106508875,0.16568047337278105,76.14420201124004,23.855797988759956,13.230968307714594,63.07980007380047
166,1372.7032155043298,52.07991118005343,43.77326548500727,1.684981831156099,41.25,47.13690569801931,18.104167937920714,0.0,0.0,540.070834520073,463.7836942107987,328.93804606846015,1332.792574799332,1.4099423881002622,0.023529411764705882,0.047058823529411764,0.16470588235294117,58.50523211933328,41.494767880666714,12.801061817843978,72.06106793843449
167,1372.0460025150182,53.44990023464461,43.79764375122534,1.7293311785899332,41.25,47.13690569801931,17.875048556015635,0.0,0.0,346.96935659635704,640.6763103795955,394.5145639057974,1382.1602308817498,1.6239611132140026,0.023668639053254437,0.14201183431952663,0.16568047337278105,61.88967912046786,38.11032087953214,12.633221196693816,74.78655749209152
168,1369.7071130632237,53.53808405416123,43.87238263809433,1.7255315256453325,40.3125,47.13690569801931,20.62302955039165,2.0,2.4390243902439024,474.1294693079168,1248.4456471077942,266.4213514188518,1988.9964678345627,4.685981962252951,0.023255813953488372,0.06976744186046512,0.16279069767441862,82.41288828141532,17.587111718584683,14.571245760008424,73.35289416834156
169,1368.7343382141516,56.57714867683678,43.91083459070717,1.8093106554216554,40.3125,47.13690569801931,22.0139423969709,3.0,3.896103896103896,605.1309218273807,1452.4226561840387,218.9969063402993,2276.5504843517188,6.632160611105251,0.023809523809523808,0.047619047619047616,0.16666666666666666,86.89755036673442,13.102449633265579,15.54873160218878,78.6054092931337
170,1375.8528462143731,58.98173231191139,43.689940604711566,1.8824720029141677,40.3125,47.13690569801931,21.909869259776187,3.0,4.6875,850.2434470929499,905.6181386498309,320.6390254280076,2076.5006111707885,2.824416452242391,0.026845637583892617,0.053691275167785234,0.18791946308724833,73.85222000565173,26.147779994348276,15.486112797142178,82.20441143114985
171,1371.54320737679,72.65990749583666,43.87307034156921,2.395875683685261,40.3125,49.21604455343443,36.59550745881081,4.0,7.2727272727272725,1996.8852153592313,592.1651758796462,269.4495698212749,2858.4999610601526,2.197684621550621,0.023809523809523808,0.047619047619047616,0.19047619047619047,68.7273725100795,31.272627489920506,25.786171251674542,98.39862404327728
172,1400.3782240675819,105.64768346549984,43.081247875178505,3.147960109975833,34.15348884631059,49.21604455343443,46.519788191438884,9.0,17.307692307692307,1447.40253946225,1173.5855769968728,111.76860546612252,2732.756721925245,10.50013617064043,0.023809523809523808,0.047619047619047616,0.16666666666666666,91.3044507894352,8.69554921056479,32.274500007728435,137.73646620822814
173,1425.1389290848776,134.55450400434933,42.45753905327886,3.8152069172317447,32.51149516753233,49.21604455343443,54.91956611643241,10.0,25.641025641025642,2640.130241992728,1301.884565139605,34.35562747044988,3976.3704346027826,37.894361448044805,0.02877697841726619,0.05755395683453238,0.17266187050359713,97.42893323667029,2.5710667633296995,37.77609250891898,175.65452629613742
174,1429.2871313753867,165.05711456334484,42.51361737418471,4.6719069402512385,32.51149516753233,49.21604455343443,65.73799164229611,8.0,32.0,4897.922125917724,1001.6193588746266,2.824861787426336,5902.366346579776,354.57287267395054,0.032,0.064,0.16,99.7187636974441,0.28123630255589527,45.277245830374284,216.88161266912138
175,1424.4764055524936,204.51513963727376,42.941237033080256,5.747539911430245,32.51149516753233,49.21604455343443,81.0236002664727,7.0,43.75,6677.244205354632,513.2291986372596,0.9346661596913796,7191.408070151582,549.104290677138,0.03305785123966942,0.06611570247933884,0.1652892561983471,99.8182162879026,0.1817837120974049,53.97927589765115,271.47246873905755
176,1343.377615570405,193.0465021036005,45.48119443268783,5.743940682987985,32.51149516753233,54.895428314075055,108.14377036142884,9.0,34.61538461538461,61593.31224757478,9339.340134415483,0.5998637334809281,70933.25224572375,15569.102803099222,0.023391812865497075,0.04678362573099415,0.1871345029239766,99.9935774348272,0.006422565172793531,76.38411646320537,261.6186506401874
177,1310.9882179944618,225.37016718769115,47.07627645118316,7.763316109827352,32.51149516753233,61.8118647458462,118.21815159350284,14.0,46.666666666666664,56553.72455525056,9729.165066275442,34.53341100764678,66317.42303253365,281.7319454519306,0.020618556701030927,0.041237113402061855,0.16494845360824742,99.6463080963838,0.35369190361618247,83.14501491592105,308.10575130538604
178,1236.2983207207976,185.52816901352685,49.508670092362244,6.672600491951594,32.51149516753233,61.8118647458462,136.95515524635897,12.0,44.44444444444444,107845.39744745116,2543.8116681534234,591.0246135862708,110980.23372919086,4.304070608359034,0.01990049751243781,0.09950248756218905,0.1990049751243781,81.1465556581386,18.853444341861405,95.1059986824237,217.87008156338894
179,1200.8616835372927,125.36122033375202,50.48630417969255,5.076267121122878,37.34107539003865,61.8118647458462,88.5848846726427,11.0,30.555555555555557,3255.8136040368963,11301.868562943717,9804.048547680644,24361.73071466126,1.1527756628273136,0.030303030303030304,0.06060606060606061,0.15151515151515152,53.54834146133621,46.4516585386638,62.45898615529851,165.5584551208916
180,1184.4805479701158,115.2684400351446,51.10090862053951,4.645009821785806,37.34107539003865,61.8118647458462,78.42542792769622,11.0,23.91304347826087,2272.737760122415,8609.066531292734,4962.240109838499,15844.044401253646,1.7349153488610458,0.023255813953488372,0.046511627906976744,0.16279069767441862,63.43579700130575,36.564202998694256,55.321377509154715,152.2976538948051
181,1186.3091825672404,114.70804121780382,51.01851138745576,4.6291854495500555,37.34107539003865,61.8118647458462,80.18067371606541,12.0,25.53191489361702,1854.7104799478002,6760.495849324153,4897.55233740473,13512.758666676684,1.3803825632839728,0.021739130434782608,0.043478260869565216,0.17391304347826086,57.98994601017404,42.010053989825956,56.67230039622511,150.6823870134947
182,1171.725939374407,119.45991836822091,51.686111735828376,4.7785735747344456,37.34107539003865,61.8118647458462,87.65767478866195,9.0,25.0,1553.3170241401867,666.0151128128192,1444.4454269094094,3663.7775638624153,0.46108707217679423,0.026490066225165563,0.052980132450331126,0.18543046357615894,31.557809315898314,68.4421906841017,61.78856177836856,156.97298442928476
183,1174.826383292265,68.93576839914542,51.228876704853924,2.6941470572825392,41.71875,54.37499999999999,69.6958561299768,4.0,14.285714285714286,665.8411740706457,106.00034390659556,282.68478447495664,1054.5263024521978,0.37497718210576786,0.034782608695652174,0.10434782608695653,0.17391304347826086,27.27152035581368,72.72847964418632,49.08614644002224,66.56961387743121
184,1153.4275246808313,39.89392092336489,52.07844942305584,1.7239177807996122,47.22823866560284,54.37499999999999,35.89169738306432,1.0,4.761904761904762,0.0,101.86162056263427,174.29658366061724,276.1582042232515,0.5844154740346191,0.0,0.05128205128205128,0.15384615384615385,36.885241504643986,63.114758495356014,25.281707371417454,42.785629766536424
185,1138.6828157561604,42.73848844426052,52.76028043104449,1.8077133429355063,47.22823866560284,54.37499999999999,44.18522218313932,1.0,9.090909090909092,0.0,0.0,17.315475108096877,17.315475108096877,0.0,0.0,0.0851063829787234,0.1702127659574468,0.0,100.0,28.926778309025323,33.70388390252319
186,,,,,,,,,,,,,,,,,,,,,
